0.204580286834,0.371453248055
1.38257693531,-0.0344186041151
0.104934575181,1.40407583293
0.701459120349,-0.454423696453
0.0211729497128,1.15353935111
-0.818870198541,-0.83601880259
0.713240775757,0.600997427123
0.213821263698,0.298709443442
0.206029946559,-0.653541131086
-2.25730402021,0.311126697642
1.09986655999,-0.137871058863
-0.0216119471421,2.02680327508
0.236517698122,-0.169807247931
-1.60834428706,0.571314903521
0.182334935225,0.440050797633
0.521499728603,-0.990951188014
2.12110394491,-1.31284593495
1.13323544901,0.763402330197
0.104447613999,-0.213305946445
-2.11663074919,1.6149100302
0.975571465623,1.49387986349
0.879802396429,0.0690962234358
0.454708763147,1.76165643984
1.11117132565,-0.454516034032
-0.635461282115,0.443080233873
-2.18912312467,-0.303202555648
2.15566963117,-1.24001108124
0.782583954601,-1.65432651723
0.180431070741,1.38050244083
-0.676375717815,0.726203233461
1.16251914493,0.86802640018
-0.0351622225258,-1.94652668288
-0.35462721381,0.501650646191
2.48459111001,-0.105727956656
1.7636473498,1.13632024914
-0.0216378352271,0.866785745132
0.809815383248,-1.0332326299
0.491846144775,2.0313112932
1.76830292942,-1.71345706677
-0.0776199775322,0.0889079903246
0.872880038163,0.810762021075
1.2959822522,1.51187108223
-1.88786365911,-0.627946083268
0.150721117773,1.07646512338
0.459319139159,0.195393320861
-1.75273295874,0.426513766443
1.15410642918,0.992917143043
0.349465541928,0.216330814668
-0.00604041240371,2.32321192404
-1.9608359184,0.393073701186
0.83077841115,1.02127471731
1.23174282474,1.09658649652
1.00205906327,0.963291847399
-0.164201556481,0.61144723373
-1.78626962969,1.44881686163
0.221593794656,0.269305810466
0.489261142001,0.0686522180695
0.29525197395,-1.92009416087
-0.912005862623,0.0453206571446
-0.123813778323,-0.478804980436
-0.157039012727,0.521003066751
0.447014349498,0.0343633326404
-0.471237751154,-0.115094209314
-1.76106642225,0.976672584483
-0.739821119201,-0.28745636919
-0.0392454362367,-1.16035133192
0.388962869766,2.20736598659
1.53637698369,-0.485829842161
-0.576736987373,0.237622885151
-1.08798511411,-1.46502869403
-0.0906643860986,1.22141787058
0.80496976529,-0.00339434875385
-0.375750266209,1.77819917713
2.39805606712,-1.20594989335
0.337043693835,0.344471955449
-0.883824392032,-1.65105622803
-0.222859018004,-0.952696707926
-0.497372615457,-0.533703617799
-2.86362102707,1.42232852409
-1.37101700148,0.553688460361
-0.279607047562,-2.26132589823
0.045749353038,-0.759088629004
0.110775337424,-0.0394152367736
-1.0870514224,0.105685306962
0.155343966658,-0.314783068709
0.389418969537,1.99079251535
-0.292161000451,-0.230451637399
0.801481454399,-2.14399759565
-0.913719320003,0.592772348532
0.17417062615,-1.34085847857
-1.26308290122,-0.174391965743
0.771985827519,1.10929680474
0.0522554998507,0.656249309573
0.889973616068,0.823469744732
-0.602568206196,1.11189271718
1.4065829036,0.92427524533
0.0707190892921,-0.803039007255
-0.718202791168,1.71542062048
-0.160173223062,-0.986522379159
1.13323544901,1.20551679875
1.75910236683,-0.518657109242
-0.612538071941,-1.13593842093
0.771911722666,-1.0725794288
0.172249580683,1.18619131038
1.00369660242,-0.0757770108507
0.569002271227,-0.0313627565224
-0.582653947065,-1.57352021574
-0.59791701441,1.11542423708
-1.02331619087,0.817616692196
-0.105335875445,0.457395080706
0.0403637532495,0.0882822113766
-0.253501117183,0.403000323342
1.67349272925,-0.413186509905
1.21734151896,0.502899321426
0.180113695338,-0.233331779777
-0.603522569722,1.35707905241
0.158218874121,-0.208110032138
-0.376287544678,-1.27672543864
1.42928978803,-0.949916367735
-0.660256954858,0.738171084845
1.36412470021,0.197162599207
-0.0178516283049,-1.84419298767
-1.28485517425,-0.859362201253
0.266764652501,0.931218637589
1.01540700591,-0.0990383088947
-0.408788254562,0.962105791947
-0.782257267335,-0.740336514501
0.0978692070677,-1.77535820818
0.28732173224,0.393671527436
-0.684254792297,-1.09870458321
-0.268005935529,-0.1999963995
0.488603301602,0.311703098573
0.253239322258,1.47352468889
-0.865713802347,-0.411459097889
-0.403142679085,-1.4808911937
-0.281379589002,-0.785626941071
-0.116691830231,0.442230086615
-1.45166109996,-0.239679404667
1.67379186526,0.587517773276
0.140482222819,-0.810143428389
-0.803281712791,-0.475393248942
-0.0450309235476,0.550643883129
-0.0613827973209,-1.8054781042
-2.03966915632,-0.298600054844
0.773525157713,0.249868307685
1.14444295004,2.05472431867
-0.587111479246,-0.781781862366
-0.544627029507,-1.11690635511
-0.121562394563,-0.103022208716
0.267452173709,0.534152599465
-0.0942171091359,-1.06741901338
-0.874604884795,0.96301086025
-1.08536624874,0.844629964054
-0.223405248208,0.971168455886
-0.682505068557,1.21046094374
1.46472536189,0.98281515766
0.940051457485,-0.96496454497
-1.71141784014,1.54697227223
0.242884462451,0.246932210324
-2.53025834604,0.0304628290497
0.0879619871127,-0.571168418217
-1.18564730031,1.54471923418
0.744040807188,-0.372356286368
1.65736856381,-0.830762583142
-1.96452862254,0.622558174482
-1.08130310012,-1.44004271123
-0.170615164856,0.0177170080936
1.30970125394,1.88349043335
-0.35675399274,-0.325220230807
-0.0914582464689,0.218266518964
0.141463741668,1.73082180005
1.155398375,-2.02162748557
-0.33267725025,-0.159069556393
-2.49825151369,0.344816328523
1.84322118712,-1.46920134854
0.334880618711,0.694339891462
-0.444303832136,1.11382616471
-0.751612969303,0.268634605936
-0.145346505194,0.195899107453
0.954961553673,-0.713279885977
-1.41106095078,2.38977077556
-1.46139709102,0.313998960709
0.942980522526,1.3670349381
-0.0482449348212,0.157825413325
-0.113014512247,-0.901792225137
-0.779115912455,0.181777114042
-2.62929313608,0.953862932951
-1.88654121308,-0.824575415352
-0.790233467125,0.497353680454
1.01439033336,1.11072214785
-0.400000043239,-0.881091323153
-0.884244491089,-1.46236719125
1.22657621793,-1.38365079076
-0.117393559371,-0.670916625539
-0.398602981236,-0.0987173012528
0.6199078857,-0.976548075919
-0.40900322014,-1.00321422204
-0.365152567319,0.331312981208
-1.28485517425,-0.859362201253
-1.44197386975,0.60916965664
0.152913394909,-1.5549755963
0.63585351709,1.28315623247
0.57804219549,0.576151509733
1.77808622952,-1.25646837952
-0.326573860461,-0.111105820786
0.256580357912,-0.968005142989
0.00396334956669,-1.75180902132
1.63159301144,0.178654589444
1.03403830517,-0.82644754209
0.79657064372,-0.034042347492
0.289455748688,-0.00726990343005
1.69501670541,0.641044723283
1.53294949206,-2.48640828655
0.494116920007,0.491934813526
-0.357953420559,1.05734026142
1.63028274866,-1.45299658323
-0.32315780146,0.173334287093
-0.186813087406,1.57071971384
0.529372395053,-1.09720870812
-0.195066458378,0.443464078131
0.106593518061,-1.43767395082
1.41581999326,-0.659994726751
1.90604381633,1.20356850825
0.362171516469,-1.45274945082
0.453942034304,-0.502224837273
-0.555275440124,1.26895074316
1.18332057818,-0.476768051886
0.668120282376,1.21738624401
-0.592828972536,-0.885105168285
0.488393814123,-0.886476144361
-0.0847983572507,0.346637996382
0.214422914588,-0.594049154724
0.426845196568,0.614330790069
-0.219517011652,1.15963360926
0.128198991273,0.267998454003
-1.89174790098,0.844873529008
0.499908227026,0.308823652616
-0.0896990843546,-1.29525351629
-1.75273295874,0.198131785577
-1.8620642259,-0.606307201678
-1.14401133798,0.974675057824
1.73816949829,1.73359757985
-1.36355053141,-0.128627871029
-1.76276255263,0.393073701186
1.04540907988,-0.0469927167428
0.916371313699,0.213961200947
-0.944421370723,-0.424443726479
0.212474667595,-0.42696457336
1.00369660242,0.24415101555
0.857599940817,1.76599606357
0.442093232234,0.22738489468
0.432780914082,-1.44865766072
1.56089418093,-0.961279706294
2.15453987854,-2.11995810651
-0.576543040766,0.942022254315
1.21238896112,-1.57908600667
1.92623663769,1.11951116186
-0.393104787578,-1.18822407018
-0.679625838869,-1.21685114674
0.654839974078,-0.994436232641
-0.663987072221,-0.781781862366
0.352808171328,0.678012823345
1.19785705313,-0.0257463207123
0.889468258296,0.826916190233
1.16829743081,-0.670881194273
-0.24125262523,-1.94444623877
-1.23956134349,0.0635458443228
0.839633328292,2.19864699595
1.28709700811,-2.83682842377
-1.81455296522,0.330363564908
0.526689209306,1.60097162164
1.92501222033,0.205728232428
-0.548519105892,-0.543086222164
-1.41007163515,-2.06613528564
0.0261763139649,0.222413772053
-0.0157454929663,0.788445134276
-2.08784234723,-0.0466365127643
-0.121715342623,0.173127286484
-1.74471549088,-0.0630482800932
1.69040257584,0.66355705874
0.374290430557,0.241031743044
-1.35363843688,-1.75533321691
0.414559934145,0.530604536668
-1.96247455431,1.6545439835
-1.33828494823,-0.91672208239
0.478925770392,0.520446075776
0.0605672306518,-1.04112499914
0.939089455283,-0.501389623055
0.277734925137,0.167512665082
1.72571554737,-0.635146749576
-0.685967389935,-0.485568974142
-0.435845753785,0.747890373514
0.194773282636,0.812703293303
1.68584751969,-0.656939425756
0.091376334227,0.352137580745
-1.0007652722,0.125472205727
-1.14816814566,-1.14847759095
-0.206048604712,1.96607894365
1.27907934984,-0.75391955112
-0.198236013783,0.359789479397
0.714883067821,-0.077524622246
0.492613044366,0.0646184930662
-0.757858513455,-1.373729313
-0.523640897907,0.876850347633
-0.244056717583,0.136785550654
-0.0180148514763,-0.753151116631
1.31614455211,-2.06990975926
0.782191185165,0.482513689209
-1.46042831581,-1.10381352377
-1.51116109296,0.550689603204
-0.409914105126,-1.57468709851
1.79294426339,-1.35186310257
-0.771255564062,1.61318528989
0.809394866148,-0.0312453469266
0.748111923788,-0.0953125966496
0.863540965902,0.15762232749
0.201496295463,0.587414595151
-0.850436590231,-2.33452351073
-0.274942534603,-0.910873844182
-0.391910777988,0.172903253056
2.27862312527,0.552100549698
1.01124348836,1.52769350839
0.628281125635,-0.1908277995
-0.778557531733,-0.993175855388
0.421956663416,0.415451153622
-1.12342957292,1.82053138324
1.25133995723,0.605439208132
-0.560581202351,1.01880032962
0.0420177156207,-1.18551247636
-1.27876002249,-2.42323250351
1.70207256645,-0.915786838743
-2.61178317099,0.694746996393
0.283678405623,-0.152972786911
0.188452889629,0.952852377838
-0.62033588562,0.331312981208
-0.659323473998,0.440653552264
0.423196900193,0.341498805691
0.378141395798,0.442374334098
0.118704890212,-0.265678586683
-0.237158402885,0.513579346525
1.79026210128,-2.01379015454
-0.00578046005432,0.991084006603
-2.01404647874,0.459019431647
0.938523833576,0.131240675549
0.109368812973,-1.23059531129
-0.0806969177392,-0.544498915573
-1.9557885184,-0.148645852997
2.33964949809,1.21658757681
-0.243290838753,-1.22011994314
-0.0300682965675,-1.00595483878
-0.134621088303,-0.337523283496
-0.185166987121,-0.020852216778
-1.40718559282,1.14388684204
-0.863887658719,-0.946971885378
-0.842546572093,-1.35759067465
-0.942123742914,0.581278853474
-0.791110595158,-1.18419660459
-0.832469884836,-1.73418076032
-0.706830313641,0.628940732884
0.140010529225,0.680225182578
0.843104820635,-1.5489469373
0.550416261805,0.0874516273994
-0.991891957935,0.110976266577
0.87139923764,1.99470152432
-0.596463402991,0.327437349374
-1.54154890235,-1.72163034092
1.56286824006,0.908376935419
0.564137429253,0.183339543201
-0.450447363061,-0.84331342465
-2.59318852513,0.581713054046
-0.497333761524,-0.468183585043
0.712099245553,1.07369442081
-2.20701687816,0.0918075397264
-0.185717730055,0.293791982632
-0.950279908671,0.214928840842
1.11094425526,-0.881475138043
0.290032584876,-1.40889397885
-2.83024472961,-0.0203495022367
-1.9628309257,0.846427091348
-0.530486599474,-0.316439787972
0.317743740843,-1.12151683072
0.243390782618,1.92508770907
1.30137062373,0.953451895534
-1.26999547146,-0.479368536962
-1.25055487807,0.395876596126
-2.1358094279,0.480967599602
-0.560481887217,-0.912911562662
-0.384887830146,-1.33263311502
-0.0199444523187,-0.246333364998
1.47369419767,-0.670163420844
-2.01178550182,0.926337249219
0.0655359996665,-1.34932304642
-0.746761290482,0.592772348532
-0.909419445567,1.28984057034
-1.18500359356,0.969219688695
0.938391163134,2.3059614718
0.582307350738,0.10438312334
-0.890062797428,1.04642951615
-0.423478000772,2.048537562
0.511599699719,-0.692789282137
1.12197718596,0.179110121292
1.4927240936,1.14882938723
-1.21102912023,-1.24837191254
-2.22150354149,-0.627946083268
0.584880193763,0.282224490284
0.456831818994,-0.0979765339048
1.33301448592,1.92636577099
-0.759090802533,-0.0660509326493
0.398586252047,0.0305475976654
1.13521602795,0.241069244242
1.67469735553,0.602776034207
-0.746687086175,0.631247851041
0.765862543194,-0.0383453341264
-0.00967521210896,-0.550986559181
0.280838407253,-0.291288702684
-1.87118678096,-0.23025451068
-0.61066994417,-1.55373078692
0.728472869881,-1.11649010376
-1.03160289684,-0.0926529538056
-0.186835943218,-1.09055615773
1.48268687152,-2.60485335246
0.897679180585,0.288166386047
0.0121363489638,-0.114992323961
0.259298000847,1.13807665627
-0.487532457378,1.68135623247
0.589223039725,1.67335750214
-2.23824364694,-2.22276774406
-0.0130871310762,-0.201092659893
-1.86628861444,1.77224137179
-0.488935097299,-0.967418693661
0.0096037578123,-1.7485133642
-1.30066283164,-1.7292375497
-0.235565354846,1.18409754942
0.245513908402,1.54714470467
-2.07745234977,-0.293292910836
-0.4681063943,0.00749177440125
0.41385399268,0.0603465061444
-0.0189073754828,0.919467982974
-0.468426487813,-0.261963476357
-1.0538046368,-2.28144184622
0.849018165338,-0.134427837538
0.225992762299,0.0329292488078
-0.203215107621,-0.203961591376
-0.538374006961,0.0028257045445
0.31673329321,-2.19632625861
0.35624954699,1.08709758591
0.76716138424,-0.202066620289
1.50865027425,-1.16481666497
-0.075198732404,1.77032317086
-0.750260114318,0.255134722009
0.0452094382959,0.430004717682
0.00373804343667,1.95387133744
0.762427974402,-1.65112222668
1.50519609155,-1.14468446442
-2.33099650551,-0.375721876988
0.929201109336,1.74305171185
-0.140427588305,-0.62938425663
-1.79246420322,1.08172928665
-0.976257385486,-1.78746484999
-0.699777791181,0.58202938164
-1.19745472458,-0.349184840081
0.354621036894,0.0757810647876
-0.238270417646,1.09908319184
1.9897180493,-1.55121382971
-0.730961094543,-0.723942989002
1.34026492787,-1.63451745063
0.0674826344212,-1.11166764421
0.844639590404,1.46376388726
0.954833298754,0.339670090892
0.447643554032,-1.45874102394
0.675539657798,-0.513942422121
-0.855083653965,-1.37719539139
-0.141851779044,-0.765255839268
0.0465369431492,0.413833284988
0.0688689993276,1.09307799463
-0.826587519485,-0.989835858606
0.165890318315,0.562856087779
-1.1347298946,-0.490657519316
-0.950895393121,0.600455925936
0.00538292452724,-1.49142896175
2.35155159612,-1.94258870167
-0.144348653973,0.114924100829
-0.75741171317,-1.18544866109
-0.957637572473,-1.79130001772
-0.306651599896,-0.0823948531832
1.37585389425,-0.0809562405475
-2.32852182318,0.953117493034
-1.52749114619,-0.587170875355
-0.250136558707,0.392640562664
1.28803686077,-0.35957828235
-0.256375367799,0.0908483443739
-0.329571539794,-0.197215584343
-0.561296147639,-0.254566364666
-0.351153144832,-0.835465244107
-1.0598940865,0.648894023427
0.125148851219,-0.320506502358
0.23188649983,-0.0195404980037
-2.63118668291,0.670363640893
-0.706807028381,-1.34396731453
1.44387423853,-0.602047025682
1.81631590607,-0.837177622327
-1.86731819955,0.746417827818
-1.13538807635,1.00621268603
1.45966800072,0.98672207196
-1.08793974689,0.516822710179
0.504711384123,0.808160032606
0.261080061466,-0.149234213532
-1.42977954341,-0.805907601958
0.0343751486016,1.15214244885
0.518956862473,0.58040568843
-1.39726923197,0.234719867818
0.629757290429,0.336657342593
-0.00177045034153,0.64939438835
1.4490775767,0.755719548898
-1.03014901507,1.44424316465
-0.822588907965,0.297270307929
2.12497091016,-0.873906211777
-2.15430471832,-0.251374775783
-0.131395062329,0.704646124894
0.214864435945,0.200463481603
-0.639114542325,0.320970805958
0.0185926909102,1.38888451703
0.826505723134,-0.5005595317
1.08320327423,0.376338717955
-0.0403972018655,-0.393211371474
-0.930751340261,-0.3768927564
-1.72464402163,-0.0965066486325
-0.66067720359,-1.13927081185
1.14141060905,-0.190358455958
0.436648260664,1.4800756789
-0.385460794939,-0.168607732043
0.728472869881,-1.44154363077
0.545948437269,-0.0231408185002
1.05253507409,0.0225754998742
0.173128605181,0.512407954691
-0.971180620873,0.915748364284
-0.0229219621429,-0.664040458033
-0.0535387965186,-1.13630187438
-0.815652387657,-0.59922926827
1.90552049427,-1.13352063198
-1.0819254668,-1.12795777059
0.17655011379,0.257005648671
-2.21072152847,0.654199318642
0.870279024288,0.352142522645
-0.68339851602,-0.209143441443
0.065579351008,0.703506881203
0.130523611935,-0.109210848895
-0.740940623462,-0.726881035884
-0.743235817251,0.729759488461
0.10661287907,-0.113386791507
0.346483272999,0.734135222887
-1.30366653228,1.5947827445
0.863297512536,-0.700794352231
-0.80949051336,1.70522084767
-1.51804056275,0.207287072342
2.60386921581,-2.49081731036
-0.945294485022,0.0656031073715
-1.48107120981,1.19882291154
0.0220398670475,-0.0542442744725
-0.66192503249,0.244952573507
-0.755814262029,0.357838831477
0.361423963564,-1.88165853807
2.17829850609,-0.628886131493
-0.17127167761,-0.92924359594
1.03943146764,-0.660151239006
-1.12030113619,1.48266524241
0.34690956973,1.38450480787
-0.87787918006,1.01041195053
-0.0508592918623,-1.28292424963
-1.76773482635,2.12869949387
0.437340744844,0.46300653688
0.401945109159,-0.00849123114996
-2.03826509641,-2.35956600573
-3.11295764239,-0.0447655658333
-0.865074004819,-1.39743534646
-0.014851060012,-1.42032321613
0.92362900692,-0.817299274637
-0.388320967931,-0.365970368978
-0.480989504646,-0.88115092
1.32236839848,0.885862389547
2.17252580887,0.982820490004
-0.116492421816,0.304945543799
2.42189014376,-1.21993041072
-1.12486029318,1.23492934533
-0.183082263602,0.609739840489
0.247793654402,0.152897491263
2.18252951337,0.928211753327
2.23248982215,-1.75851277381
-1.16641518331,-0.910074542319
-0.256677821688,0.912231982167
2.6846527239,0.642182159428
-2.71600883757,0.116043350132
-0.0482360435645,0.176137867973
-0.040228026297,-0.0189744410376
1.9256422382,-0.657831249242
0.600065392632,0.634105240841
-1.34054963281,-1.83320286002
-0.0618965508117,-0.0657730249469
-0.947895831503,0.725864349318
0.73180107123,0.00811522239789
-1.85114189897,-0.0578719151608
0.364557852696,-0.577370107561
0.866676434766,1.23155365886
0.320604964411,-0.855890692731
1.08847791106,1.1091503257
1.56380949998,0.269281422911
2.11042132368,0.5992774897
1.40109206298,0.866271445519
1.0559102955,0.281014066471
0.533510613099,1.87718446104
-0.0801553789232,-0.939055854858
1.34835107891,-0.257249376174
0.796294178154,-1.4881953358
-0.924092750406,-1.56674938081
1.54492113635,-0.625522331378
1.29740445668,0.552271230326
0.359186168465,-0.0922621441843
1.15503375864,0.326607808675
-0.197849370928,-2.1233724031
1.31407585832,0.552278614757
-0.269041913218,1.12123763714
-0.354079934409,-0.33039130379
1.21259151757,-0.131192288971
-0.357399283412,0.149658442432
0.84058882556,0.462122026859
-0.0327196174444,1.59547191017
0.405548136532,-0.350875302246
1.28172891352,-0.0329793275296
-1.42565350063,-0.906831712112
0.418230101266,0.821080250202
-0.640336883656,-0.489178878355
0.420185037033,-0.709762755955
-0.517364593287,-1.75587429886
-0.133406860736,-1.2798780402
0.77597103148,1.97667414388
-0.863681908061,0.182299666359
0.32639717535,0.0234801416196
-2.21731782965,0.179242862963
-1.34054963281,-1.83320286002
-2.59055999771,0.27868578247
-0.0912307987168,0.65095066932
1.16916359117,0.17284591239
0.132258750933,-0.227048292678
-0.167869103029,-1.79120533032
0.75323871832,0.411229904303
1.85335177391,-2.46384170669
1.1213177805,1.86480735073
-0.689294592068,0.62866199992
-0.529723901304,-1.26511798879
0.0217583466129,-0.0549233189422
0.437748194335,0.21738621975
-0.512886125281,0.882192956208
0.110723653801,1.19193544549
-0.870004249193,0.109518979443
0.0588810262162,1.09401023075
1.18460169823,0.00186466454877
0.430949350663,0.411094981255
-0.0877927346178,0.0843648289277
0.0276940886036,0.17189088101
-0.66067720359,-0.287487893018
-1.22822545342,-1.17233395573
1.39306727564,-1.18458749113
-0.153250483638,-0.274051110205
1.21662259904,-2.92107738687
-0.613658321506,-0.771261688496
-0.220455447657,-0.895142990304
0.0241241874753,-0.978938087207
-0.00177045034153,0.64939438835
1.89250291249,-2.15785533527
1.17459971724,-2.07345326315
0.284042841571,1.20252341579
-0.716987249751,2.28638609178
-0.494683158073,-0.731563192649
0.21778522032,-0.211182413678
0.158508015542,-0.615837060387
-0.29041851179,-0.204275681767
0.5535167022,0.517675180566
-1.44972624576,-0.210348917384
-1.25217581651,-1.67918433058
-0.34784944523,0.179890388595
-0.0826269025175,-0.230385745823
-1.03915558231,0.593946209145
-1.00937812804,0.324514699111
1.56985741968,-0.947382782812
0.0838444491322,1.08057252185
0.0654592476887,0.0189889579781
0.76573656023,0.27268694734
2.23692889156,0.817463626799
-0.913720827627,0.32705810362
-1.02852720804,-1.18409476074
-0.817222630492,-1.21768287021
1.16209906701,0.0814970861471
-2.44232056642,-0.04621177041
1.17143283421,0.0981108212946
2.0854723155,0.124323797751
-0.962695760579,-0.892830271055
-0.324756516373,0.5644434263
-2.03457749773,-1.1636883146
0.779514826694,0.271154079114
0.570546354156,-0.456541527258
0.437910499946,0.487616250293
2.02191447327,-0.815185437543
-0.335285296211,0.689524601163
1.42749497715,-1.29617899862
2.07167192973,-0.974744237693
-0.68600110589,0.338599950267
0.21742476387,0.846176454197
0.891036759404,-0.184829815523
-1.40287147628,0.015278497928
2.07117158496,0.792253124231
-0.59330788419,-1.52038692019
0.0413987696928,-0.300011663195
-1.12890425091,-1.1435721093
-0.77359936597,0.784637298228
2.45126542272,-1.11853617094
-0.959943910822,1.57182792518
-1.15786479307,-0.878852946543
-1.56988839746,-0.324225065889
0.897641691623,0.0261382493086
-0.28136433697,1.02409466853
-0.0493661910744,-2.20254574685
0.21982405429,1.31403340364
0.404646349288,0.273989964848
-0.274107969532,-0.995985489688
-0.351153144832,-1.18830733978
2.76065314501,1.06319296125
1.2567387274,-1.37002777818
1.60085166401,-1.18504056242
-0.217800180186,0.260852660496
-0.57960569556,-1.40632390363
-0.0763644623947,-0.202806698656
0.599959917982,-2.31379900495
1.97137013689,-1.08748042325
-1.15099028453,0.0363481114783
-0.592823761558,-0.739391372806
-1.487757801,0.328355116752
-0.748450378025,0.94253385098
0.561222848238,0.24073069546
0.128410053366,0.964347213378
0.242050307999,0.213065592744
-1.7402628135,-0.193470628507
0.218101195895,0.916131770187
-0.855683702172,-0.520592135979
-1.8973538085,-1.20828432298
0.247508797193,0.311045364889
-2.26347466594,-2.64032996242
1.35917655699,-1.67212922653
-0.655639083666,1.63698819726
0.420466178791,-0.0371967689696
0.78515677515,0.0180583931109
-0.1549628891,0.533531791836
-0.400583035072,0.438754038308
-1.196148946,-0.146041520322
1.56081571559,0.540982686704
-0.447703230403,-0.467686425957
-0.110489806545,0.0556496066602
-0.486063064991,-0.0710091195582
-1.26280018729,1.2242591121
0.812526713493,-0.00188009927125
0.918307494363,-1.76668717119
-0.423615670218,-1.22949490426
-0.610422358154,-0.475509110753
1.80014565946,1.53906642599
-1.57516245126,-1.10668202994
1.02065303128,-0.2119176512
-0.722733367769,-0.744052520218
-0.646428766357,-2.0638976935
-0.579427511743,0.749265727221
-1.56134791,0.0326270995028
-0.477373020456,-0.56892828038
0.492519450611,0.51148001512
-1.01689374202,-0.786382069114
-1.57541452314,-0.492517546982
0.761500900753,-1.22350783104
-1.31970818074,-1.92588346577
1.90229273815,-1.38317842826
-0.430132823033,-1.47543135228
-1.29337501695,1.27968590504
-1.96080562518,-1.85576448792
-0.87809750879,0.350867383964
-0.0725147207169,0.821457613575
-0.842057320186,-0.376232761289
0.203393338079,-0.633604721322
-0.179268577964,-0.916640754698
1.20670483669,-0.1908277995
2.12124670525,0.713356340418
0.474942007246,-0.0484291590256
0.371552666875,2.23715743064
-0.231712108046,-0.657766203281
1.28445080103,1.02806931849
1.19287962055,0.0516221378012
1.2748000401,2.56078932771
-1.01714849926,-0.436153536372
0.923277861528,2.05948188307
0.156987102532,0.85676519984
0.84348132494,0.0194964069323
-0.430247241769,-0.602593128231
-1.72664799559,0.313998960709
-0.453495951093,-0.335962943932
-0.168215875182,0.389169125628
0.0186997188081,-1.3840351118
-1.02373945899,-1.44753234765
-0.197094089679,0.590993323689
0.567398832112,-0.254586975294
-0.566218568549,-0.433859008407
-2.09402504144,-0.424944899105
-0.46315794573,-1.09665904514
-0.58640660672,-0.711352914818
0.570783222923,0.321525260243
-0.231955502729,-2.28144184622
-0.467342180404,1.25243364687
1.35461604138,0.824596223874
0.879802396429,-0.0654688914579
-0.588605601257,0.952895532752
-0.335418902112,0.039591100119
1.21164664457,-0.902075839424
0.229758386835,-0.356973156586
-0.757569829035,-1.18478421476
1.92745842554,-1.5047237512
1.11849352825,0.850589464066
-0.38977199073,2.31180490108
0.0684656903927,-0.135520107658
-1.90718166892,0.790938371672
1.74918944802,0.810996229366
0.920062688686,-0.62986459021
-0.63442798713,-0.966779063426
-0.547787817729,-1.12162601082
1.26729711832,0.897661112256
-1.23145696759,-0.752147286348
-1.10122955214,-0.814742139648
-1.28054643461,-0.92953646405
-0.118556928882,-0.189567561983
-1.48215565938,-0.339325439752
1.89652477147,1.2980019539
1.56090778747,0.872259535885
0.5613324328,0.430177747028
0.222893233642,-1.62475120983
-2.14764827155,-0.277674181903
0.631669189867,0.289884711949
-0.338169460696,-0.16268797881
0.744516978681,1.77794763553
0.316549991936,-0.48008823124
1.24265991442,-0.426607037415
-0.0895490114758,0.84637093231
-0.349135444896,0.141429680775
-0.244897391405,0.916196058399
-0.482220102004,0.297270307929
0.833121155032,-0.222078962296
-0.509725123578,0.0810707273321
1.59283025675,1.11511206956
0.396524598407,0.406181616821
1.66972912879,0.854378519832
-2.31189869103,-0.0394334103887
-0.214714116968,-1.07795827348
-0.27375988845,-1.18262884337
2.1647853936,-1.05667714185
-0.587941009289,1.71673365575
1.62043138474,-1.29617899862
-0.44364027723,-0.276514808375
1.1894467682,1.65843613019
-1.75685865393,0.344816328523
-0.0162407911431,-2.17628875036
-0.753881380885,-1.50533026738
-2.45346235225,0.66310483968
-0.729527415894,0.367046163428
-1.29156832184,1.7630068473
-1.74609042239,0.962543631887
0.780988897211,-0.855755459331
1.26895397901,1.76655195439
-2.10892291272,-0.185615322757
0.0935892824345,-1.13884845527
0.278413136436,0.837558581406
1.55806559318,0.741821502955
-0.591208511656,2.29773657893
-0.502913999871,0.84116060761
-0.394305875803,0.275613715967
0.196300021321,-0.471551714025
-1.13558729842,-0.954644624506
-0.186684027548,0.888395335018
-1.34935898518,0.0399182954559
0.324945439533,0.989366580025
1.25659653195,1.78859814091
-0.419861406897,0.915295704133
0.243814522871,-0.397567278239
1.3308198641,0.00860940648973
-0.658077372705,0.980068747983
-0.0783039368192,0.748329973353
1.33322364467,-0.241598154694
1.4490775767,0.992917143043
1.15311359631,1.21496629981
0.172629869961,0.117644713058
0.330357698509,-0.428025813954
0.153669923653,0.00926903884132
0.732485989506,1.37615033975
-0.984504493351,1.71565271404
0.415433910457,1.47203541832
-0.0860049764751,0.316044966784
-0.631323792502,-1.41081619359
-0.315466442535,2.42060935553
0.0773180890811,-0.517847649581
0.73180107123,0.00811522239789
2.24869843875,-1.0725794288
1.4982634829,0.718274680528
1.01673839337,0.782494660784
-0.260999195267,-0.0529328228582
-0.384133578287,-0.11604471058
-0.0754347092364,0.283566572162
0.19323004155,-0.46810849241
-0.128219675253,-0.369080124365
-0.704857291382,-1.091904287
0.319851697801,-0.268287048234
0.0790233870823,0.971599998965
-0.803281712791,-0.821106596901
0.288560272445,1.24306336973
-0.929209036935,0.217034902199
-0.102487389073,1.05544190681
0.747648488232,-0.218475611961
-0.507386252658,0.400281741655
-0.098291902492,-0.136661435046
-0.653437335479,1.15879945661
1.2137549302,-0.123414618424
2.13402560027,1.19263021169
0.055814853363,2.29858910982
-1.29710929888,-0.192958412765
1.73086499117,-0.690196661226
0.0633408331047,1.62148332278
-0.900503773982,-1.54266151507
-0.740446869377,-0.510054642528
0.285936926493,-1.63054108352
0.197859443355,0.0476071379123
1.3331323705,-0.297433398651
0.771985827519,1.6819781647
-2.72055201508,-0.0317108645776
-0.973941866368,-1.11021414975
-1.53837759029,0.267854808515
-0.147928223558,-0.0733323020489
-0.241340874786,0.931241532339
-0.290425002418,-1.32268147139
0.235989980268,-0.307305984616
0.658808331244,0.0231244412878
0.0797759163459,-0.349705907621
0.861137461474,-0.378353481207
-0.608654257327,0.396067174534
-0.997574352906,-0.657989309275
1.31693832939,1.18714565833
1.1620007061,1.27596236175
1.06615235677,0.386231435811
0.902146214741,0.713291965927
2.45852461558,1.06332635502
1.50126151721,1.06933283875
1.31567267542,0.302509736492
1.57639804122,0.556374119364
1.33924262071,0.823469744732
0.799853583555,0.726844717758
0.957829253385,1.28797843159
1.35025257749,0.409640666519
1.12232467668,0.0690962234358
1.31055754675,-0.587946546543
1.36412470021,0.0730344438772
1.18875463504,0.103490134362
0.850894012963,0.101628409124
0.545089384271,-0.465144292388
1.0881743088,0.0852805238849
1.14519891743,0.0329145292584
1.49206204285,-0.377236919564
1.18093745115,-0.0735283792013
1.14680859668,-0.204521743618
0.639649103871,-0.225850609824
-0.681699129149,0.704646124894
-1.68999552025,1.54471923418
0.0946367123117,2.40790451161
-0.584729895959,2.49124935221
-0.373572399496,1.05749838033
-0.674354795294,1.98160830072
-1.16857648029,0.835942945172
-1.61936783972,0.656249309573
-0.275245856185,0.978643910967
-0.199836056109,2.47212907156
0.172801509464,-1.68609731374
0.166997907774,-0.578956433713
-0.277181540769,-0.406783977373
-0.141851779044,-0.765255839268
-0.234072316226,-1.38549327496
0.0643946295522,0.257114117321
-0.283770520955,-0.230894906007
-0.114611778566,-2.4162986423
-0.0716101968458,-0.739327185715
-0.828873182936,1.18095300918
0.682890158816,-1.9007566389
-0.375968994825,-0.985606909963
0.177884680549,-0.743200815436
-0.279327281583,-1.04526388851
-0.0614503398227,0.472128414941
0.227532738707,-0.47477547604
-0.553280103706,-2.54523670239
0.197471865166,-1.18355767071
0.0128130198951,-0.96106160301
-0.0232379629284,-2.5731331475
0.274792117353,-1.64253645431
-0.726358268857,-0.861637776854
0.661064004516,-0.0365629272845
0.29525197395,-1.11494084028
0.11505170747,-0.875176908966
-0.300692282293,-1.7049277916
-0.257864682976,-0.986522379159
-0.247907045312,-1.798113757
0.401623846456,-1.53700997818
-0.214958069467,0.23493422551
-0.121466876845,0.0146794917441
0.694041459737,0.231274323396
0.450918705581,0.989182442126
0.396402436979,-0.173521678094
0.609446328641,0.683659656271
0.0756102532228,1.11155213779
0.397811654816,-0.13540957599
-0.18766112049,0.920091906041
0.423309824555,0.0946958755211
0.0677014835501,0.48701842764
-0.334465192668,0.491573514123
0.536670175775,1.01386783704
-0.0258690534509,1.1796649685
-0.123645518514,-0.268858216192
0.38840512642,1.02692362059
0.447604701506,0.617299245751
0.334822332692,0.365017517483
-0.1036015237,0.791274236322
0.121069046884,-0.173965610501
-0.336054946756,-0.229806483058
0.563101468169,0.339079714075
0.236559700711,0.317181669974
0.201424653481,0.666488545322
-0.214891028415,-0.0284667401093
0.490005854425,1.09234502852
1.99769806573,-2.60485335246
1.81204196938,-0.779167451337
0.85208593278,-1.75573948676
1.22315113508,-0.934571377636
0.913265655416,-0.412036692445
1.65539174262,-2.80145736276
1.33455183097,-1.19476808032
0.842819728504,-1.25646837952
2.02191447327,-0.877121102934
1.28803686077,-1.08044084853
1.08759725355,-0.50997049577
1.63028274866,-1.45299658323
1.11117132565,-0.325503755339
0.864114214682,-1.66443108933
1.47409168098,-1.61785753483
0.700226282918,-2.18763271985
2.78553906499,-1.73180291859
0.835730481144,-1.24860863463
-0.130288950436,-0.672505022745
-1.06017535947,0.123080399211
-0.479239563019,-0.658298278663
-1.2820146446,-0.484357656358
-0.654581846417,-0.0933529295405
-0.361718168979,-0.613994665001
-2.36835206055,-1.41586783491
-0.610903032595,-0.269712098892
0.453942034304,-1.73662228459
0.0172092010151,-2.34040356672
0.158508015542,-1.48024462067
-0.576617083058,-1.08236395086
-1.28162150177,-1.45443232753
0.0564239101826,-0.307281548034
-0.0382696606754,-0.199832962925
-0.107806594765,-1.23803915095
0.229416696114,-0.339242710826
-2.27317151374,-2.84483093776
-1.48570919909,-2.65347812156
-0.258385174785,-1.50797017212
-0.828705061086,-0.454680925876
-0.148310428886,-1.80634293528
-1.81314106564,-0.920795219212
-0.460131705077,-0.648654875537
0.851963360907,-1.34181029629
0.266298685149,-0.127587216209
-1.44267032182,-0.00959246786661
-1.41861669646,-2.75489069804
-0.282060720951,-0.92953646405
-2.0280770584,-1.29937989281
-0.851518605599,1.07646512338
-0.833302805325,-1.48828501968
0.612772371141,-0.0987173012528
0.149354954233,-1.90253202429
0.0554433382564,-2.26604478799
-0.914168441494,0.291890323602
-0.375750266209,-0.750405597143
-0.196154122533,-0.441568197998
-0.396094499898,-0.946483563193
-0.981108152865,-1.3183902876
-1.73061956066,-0.553292169041
0.1204241195,-1.78192821585
-1.26999547146,-0.479368536962
-1.7273381035,-1.40632390363
-0.919117280578,-2.32601338963
0.14812633814,-0.555828746288
-1.59069704122,-2.55585001004
-0.826587519485,-0.989835858606
-0.827562869452,-1.65760286848
0.636422231647,1.4434234015
0.406084945393,2.26244836834
1.10457955777,1.92584291493
0.718224285385,1.74628676147
0.407117631514,2.19078185615
0.616653051728,2.5743992448
1.28346366014,1.40197896556
-0.192002689949,1.88838715175
1.23814946655,2.09533382517
1.42104163386,1.07984926754
1.97895030495,0.897536498606
1.16251914493,0.661788941901
1.28825313171,1.27837285157
1.890296123,0.189635595146
2.54560505694,1.03908350304
1.15844681047,0.624340881041
1.66497008376,1.0406407134
1.79881942799,0.686160595129
0.848744700259,0.708987471666
0.798609773636,0.552278614757
2.2311908438,1.19561212295
1.80788099006,0.602905808436
0.978903570681,0.66355705874
-0.851518605599,1.07646512338
-0.176058530257,0.328355116752
-1.95156172296,0.889746801869
-0.293639342951,-0.449064889992
-1.45889405802,-2.02788027371
-0.279607047562,-2.26132589823
-0.167869103029,-1.79120533032
-0.884225999925,-1.3909849011
-0.239680038517,0.463586729495
-0.836985572912,-1.42008092584
-1.10772686033,0.694759103506
-0.346080407362,-0.110261491694
-2.22302900603,-0.987224755968
-0.0495450586183,-0.396690359244
-0.0906643860986,1.22141787058
-0.0495450586183,-0.396690359244
-0.757584762331,-0.781377635439
-0.502402392515,0.993603469685
0.599959917982,-1.53700997818
-2.30397209177,-0.789562743686
-0.0906007040546,-1.78020103519
-0.509954405213,0.542215752706
-0.854630651068,-1.27043431521
-0.123813778323,-0.478804980436
-0.453413713097,1.02628454796
-0.836985572912,-1.42008092584
-0.834073163814,-1.4156943748
-1.57335943426,-1.13593842093
-1.38606555854,1.73986953563
-0.369993006797,-0.434974115252
-0.577028862145,-1.20575433757
-1.84068040894,-0.931539104372
-0.851518605599,1.07646512338
0.160929741845,1.07646512338
-2.45637485705,-1.47065210489
-0.665323403012,-0.298564213839
-0.830886896673,-0.738939911168
0.630542733194,-0.280956552755
-0.211407976844,0.174881818475
-0.417340117565,0.423568321207
-0.163251425421,1.75068923725
-0.865397664061,-2.17948618493
-1.34054963281,-2.49736684926
-1.41396085872,-0.705680935743
-0.509725123578,1.46817234239
0.361423963564,-1.88165853807
-1.24125752767,-2.11581313845
-2.25024911407,-0.42696457336
-1.2933266179,1.44160665118
0.655074267193,-1.35966953737
0.609629037214,-1.64050343956
0.311978132166,-0.204521645286
0.229416696114,-0.339242710826
-0.190832245934,-0.643085731244
-1.11976062132,1.04596427385
-1.39252964747,-2.91375075415
0.0186997188081,-0.981194377497
-0.212141230321,-0.206290996337
-0.195066458378,0.825437188822
-0.593518520609,-0.930202707894
-1.15099028453,1.39507570255
0.181444038598,1.21318833273
0.629761089364,-2.92010608869
0.230804859552,-1.07623049005
0.840667456138,-0.224128829934
-1.11310168473,1.57164813947
-1.61652458328,-2.71005215683
-1.29394182876,-0.769119180818
-0.00177045034153,0.64939438835
-1.1032255753,-2.68121614189
-0.183590118603,-0.668098242595
-0.0488039173829,0.890931687973
0.156631551904,-1.84459803524
-1.08687699475,-0.207169004485
-0.509725123578,-2.0963334105
-0.840584082252,-0.468183585043
-0.283113717641,0.458188421798
0.0702259362493,1.5756828739
-0.699603674034,-0.85687760976
-1.25654419387,-0.773771237782
-1.16890224522,1.8018032302
-0.256375367799,-2.57584631193
0.253281043834,-1.64633429395
-1.41396085872,-1.77520137285
0.239541808228,-0.337523283496
-1.51737946177,1.36484465733
0.33114824143,-0.662992031254
-2.46044176627,-0.538770207556
0.109368812973,-1.67699354265
-1.64510547794,0.462985507289
-1.35473086331,-1.88165853807
0.361423963564,-2.77539427948
-0.17677412505,0.141825165388
0.336262221763,0.81201601606
-0.450447363061,-2.47843651579
-0.751670017834,1.06985247696
1.25248180026,-0.283650473972
1.0878714888,-0.262040912493
1.30335314703,0.419754715691
1.00897653943,0.3264958309
1.07747794416,-0.100810076415
0.763141660879,0.236842844531
0.853324417942,0.103818834041
0.998878301055,-0.0624252939187
1.39835873971,0.295559366845
1.46221867932,-0.0757770108507
1.0559102955,0.45640146314
0.557409850718,-0.457666263209
1.09986655999,0.201551277718
1.25248180026,0.26328587208
0.474942007246,-0.240688831249
0.617133311391,0.426112537533
1.04359286835,0.2282488823
0.192288697183,0.919558976272
0.00223718420603,-0.304924477904
0.353128644273,0.760515944846
0.482622140955,0.203393337051
-0.000236635871365,0.00508263171702
0.0246429325983,1.13781056374
0.684189126685,-0.00165633012296
-0.34686717691,0.25506094438
0.435857593601,-0.107195450906
-0.00528863442684,0.210509811296
0.317769099428,0.636067230245
0.184650661003,-0.140253274469
0.570470502652,0.45439343109
0.598668722048,1.00013228215
0.0411135815487,-0.214884643957
0.0430026086605,0.648127331349
0.256649011057,1.04791387825
0.593991455279,-0.19923304742
0.497636592364,1.21218582814
-0.344853634255,0.0868472336853
0.327723675357,-0.15497657606
0.242447525292,0.804292129426
-0.00650092281773,0.0764988142851
-0.0518755658067,0.0676567028495
0.493432907489,-0.0271111084789
1.03661011309,-1.81476652719
2.23660833097,-0.502789408978
0.714652260676,-1.94474054495
1.85335177391,-0.902075839424
0.918074266224,-1.9456457658
2.76628941465,-1.19586332865
1.54955772803,-1.58966831202
1.46811293813,-1.29322478737
1.55636270928,-0.531616095136
1.90552049427,-1.46223720476
2.82721586424,-0.959265525333
2.07723348963,-1.38023894541
1.0404995111,-0.648067702254
2.30778751897,-1.80500898633
1.16829743081,-1.01953458289
1.31585983125,-0.479346167935
0.918074266224,-2.44677641092
2.03519913228,-1.2635076195
1.44604342875,-0.713616295356
2.83566905453,-1.6647030046
0.383135995118,1.29357657169
1.05043514795,1.16078298739
0.720092204062,2.41350318331
1.73156442465,2.23155212464
1.5787529132,2.3087792338
0.224518226581,1.53280637557
1.12458825352,1.03081254875
0.917173901442,1.83034354125
-0.301282581244,1.2686354929
1.09273486154,1.90264867446
-0.72823898204,1.98160830072
-0.6855684324,1.36313730579
-0.206048604712,1.96607894365
0.272719178336,1.29581982292
0.0612755115268,1.22335815792
-1.13440150942,2.23985204692
-0.487532457378,1.99195454306
-0.0276970652265,1.17378985011
1.91294966693,0.666159912875
1.05395838811,0.252152663786
0.797732787258,0.990822707655
1.54551277433,1.12851480069
1.98592851423,0.290834809642
1.22133957379,0.676324149227
2.00514235243,0.502899321426
2.2153756233,0.980307482304
1.00205906327,1.17726560776
1.25759142867,0.942659932847
2.74442947218,0.315756691556
1.30702914167,1.11035743405
1.4490775767,0.781710070326
1.71561063592,0.5992774897
2.36364977969,0.386808325938
0.373092103454,-0.000934549219968
0.476880422569,0.48797975642
0.533690782122,0.87335720607
0.172142572164,0.804500062561
-0.318060589956,0.432470515198
-0.00210441984945,0.873089328065
-0.479953262806,0.529926099715
0.29951238136,1.16667477974
0.363274290308,0.0460806398618
0.607563582935,1.09131194583
-0.0167000323344,0.759416261217
0.085725528028,0.494352016545
0.210876948058,-0.35408064502
0.440774448319,0.810181400524
-0.025540033907,0.329160385311
-0.0992330364487,0.0668103871061
0.411477652342,0.363366306635
-0.394080258596,0.417614855049
-0.363329757821,0.303401095736
0.0233458488304,1.11606711458
0.441740603758,-0.149144520735
0.636688571901,1.11910690317
0.270370164288,0.54650237056
-0.484299508383,-0.205502078993
0.308217094752,0.231414522644
0.593745165249,0.894961482208
0.300534434839,0.88461332864
0.614485905052,0.28773895025
0.348002963337,1.11453547644
-0.388873912687,0.760523703845
-0.354141333601,0.633413315774
-0.169452323238,1.03671995869
0.604814407239,0.466014906116
0.0312171064521,1.10585449207
0.286620255622,-0.23009948731
-0.167610467673,0.448744634848
0.0877866625325,0.119714926429
0.0167742153577,1.40407583293
-1.34644113307,2.32321192404
0.220301315533,1.53155692493
-1.30940978879,1.18409754942
-0.437037621873,2.04139193485
-1.01323063876,2.51596821555
0.104934575181,1.0735053436
-0.211357745532,1.57182792518
-0.28136433697,1.07331716015
0.436648260664,1.13315544586
-0.910786894516,1.28984057034
-1.3890468479,1.76173762346
-0.206048604712,1.2505393644
-0.401252072949,1.0610014358
0.166679481628,1.45064679812
-2.32340386446,0.482783713326
-2.58086967085,0.0424249621216
-2.20701687816,0.269555436753
-2.62228868755,0.0832528531829
-1.80444659126,-0.346416189487
-2.35866997677,0.259296660317
-3.05443872298,1.95730748795
-1.28590095902,0.311126697642
-1.62721804929,-0.257507880761
-1.33832854738,-0.189059427581
-2.32609886493,0.308748172345
-2.41239460327,-0.440869548709
1.67236530198,-2.04917238815
2.63560841291,-2.45793124547
2.53264787507,-2.04903577019
1.4559072362,-1.53512808602
1.97967697863,-1.54348485802
2.05630160315,-2.12126076091
0.760980042165,-2.70991801709
1.12957436589,-1.29926698854
1.47409168098,-1.78567776293
1.55059166422,-1.47823080652
0.980894445904,-1.07859473438
1.63863214329,-0.76272389331
2.50268949734,-0.819695800671
2.16461864751,-1.32916333464
0.898926211419,-0.64005766568
2.29407797254,-0.815492894701
2.00614011378,-0.657831249242
2.35935690961,-1.20546963861
1.18332057818,-0.99001211375
1.54492113635,-0.625522331378
2.01688874945,-0.512171887664
0.940051457485,-2.32967382188
1.63214417246,-1.29617899862
1.98241819515,-1.42210297799
0.389418969537,2.16636868002
-0.31400282689,2.21959633664
0.308915809435,1.88986030141
0.938391163134,2.52956557196
0.658708358022,1.3821928531
1.60253510756,1.72183089547
0.361380714509,2.17959660429
0.917173901442,1.87605747166
-0.133952660055,1.96856431653
0.308465908398,1.69179234458
0.651741574566,1.69652108977
1.02985994447,1.49978635979
0.924417052451,2.48396038113
1.08847791106,1.1091503257
-0.178936539272,2.40501253874
1.53410720935,-1.5861310348
1.79572507614,-2.12614082164
1.20136799405,-1.18504056242
1.57930016563,-0.761329938185
0.882739423788,-2.28244036838
2.53909854885,-0.88612043378
0.956363970248,-2.08024065216
1.48268687152,-2.59666786883
0.730516355214,-1.02770455416
2.65070070894,-1.73961228747
1.49047217984,-1.98797416405
1.11117132565,-0.437414840324
1.70938047123,-2.62587085334
1.59266351571,-1.71419350717
2.00918266757,-2.1066462913
0.97551944006,-2.72295058778
1.01193347501,-2.15410992009
1.80753776467,-1.90310056377
2.75950471896,-2.37317453341
1.57930016563,-1.12755148565
0.866201947343,-1.24932681634
1.00182034205,-2.53726848161
2.82445924273,-2.38774708947
2.45126542272,-1.58442182644
2.52646507116,-0.748657337037
0.947795972642,-2.5818697246
1.90229273815,-0.558221338657
1.95548556228,-2.07345326315
1.97864505563,-0.82644754209
1.39885702363,2.09707610683
1.08847791106,1.1091503257
1.1399002979,1.79643982403
1.45746230938,1.80611381676
1.1213177805,1.94915325473
-0.225930528011,2.25678826169
1.23126693305,2.3134625258
1.23174282474,2.07137040183
-0.0231848264865,1.19763580124
0.857599940817,1.67396677985
1.49381647426,1.13187764525
0.589223039725,1.56002903265
1.49381647426,2.39904767698
0.495013635788,1.09555521911
0.886777330565,1.32048671389
-0.0216119471421,2.02680327508
1.16915970402,1.23155365886
-0.122587748594,2.2305241314
-1.73140841583,-2.85406308935
0.923374188887,-0.265675052005
-1.51308090383,1.6622268834
-0.139748212605,-0.285236474055
-0.0750511255595,0.410926785398
-0.388022549661,-1.68024469379
0.0602908900812,-0.0436042526036
-2.0674426099,-0.597998739654
-1.43685077575,1.66572946563
-0.100163562754,-2.28854046292
-0.624548563903,-2.0046039364
-1.8903556629,1.08189710656
-1.91949088527,0.912987533916
-1.86667972877,-0.972704074177
-2.33841932789,0.0836456179453
-0.809340009433,-2.55373460932
0.117115349428,-1.11412334789
-1.77180682774,-0.312132695436
0.502231877211,-0.918395246046
-0.329512114777,-0.739867441621
-2.15561728518,1.80046658646
0.371841193278,-2.62842591746
-1.57837618872,-2.76552827572
0.424631191485,-1.72811149938
1.23506266545,1.40125018858
-0.699091919593,-0.98574339595
-1.48259347084,1.09050713131
-2.27650932049,0.763746429425
-1.18480647848,0.347514029851
1.26938078424,1.63795187725
-1.37800204517,1.58304153556
-0.636939003394,-0.0252989373549
-1.34007627157,0.122993799661
-0.985335641398,-1.40283539474
0.466985181513,1.36908380926
-0.033216100129,-2.533796148
-1.73024208359,-0.386039514675
-0.348613394029,-0.609976469288
0.839540889658,-2.25945505579
-0.791931829248,-0.202958366486
-1.93423080112,-0.41956301663
-0.862742051557,0.0019265445702
-1.25377462541,1.32275329061
0.0406197572004,1.35132157601
0.533428466165,-1.2050675466
0.360134390464,0.704189133943
1.03642415315,-1.76400386137
-0.822977342201,-2.73680233127
-1.22991721777,-0.43617076187
-2.33143917246,-2.75207623718
-1.15720832348,-1.96977132155
0.676270768919,0.665530131617
-1.73974842003,1.14947844132
0.235411978662,0.622234105031
-1.37695709093,-1.46041227635
-1.75853655695,-2.65852485224
-0.190333684094,-1.01257250249
-1.69281983194,0.928980409506
-2.21081861349,1.07195624432
-2.26611961095,-2.80627422316
-0.271309918545,-2.67861131494
0.189688771652,0.188134745098
-0.936438230206,0.218632497467
1.04534581049,-1.87806673063
0.473884506285,-1.21254052641
0.465302211328,-1.25426674808
1.23579796167,1.61778043035
1.20829011766,-1.82706345273
-1.56545613723,-0.510688686003
0.626974983035,0.271379115221
-0.437985575273,-1.89272933642
-1.67814238423,-1.5773139512
0.381039238385,-2.80580133927
-0.442259050049,0.278080310326
-0.578862354562,-1.72561767229
-1.8298200673,-1.55030488671
1.24748452168,-0.396885532891
-1.19697360925,-0.699933269723
-0.406045216681,-0.00514768824509
0.229736837617,-1.95949155935
-0.770161060012,-1.84778094543
-0.803899688953,-0.357849829199
-1.51545346667,1.09760052829
0.626813897858,1.13953224383
0.495897948962,0.846473858105
-0.25502078315,0.378667782651
-0.875702484667,-2.52961305887
-1.06256316017,-0.856406347752
-1.1018009659,-2.51992543854
0.0687066580641,-2.6538231922
-2.31147846311,-0.84434672985
-2.45824349419,-0.563812989922
0.921988610103,1.17273406554
0.911201556375,0.717724451678
-1.71108522215,1.03332888769
-2.35139855266,1.67739240527
0.571619085844,-0.247560038199
-2.07163549386,-0.555209989967
1.03424535463,-2.25529325719
0.422793098157,-2.77851784794
-1.42719285475,-1.32613797402
1.08944560122,-0.24698440068
0.282982515142,1.70474021389
-1.45189867289,-0.483391516973
-1.68868901528,-2.61310846005
-1.01265311713,-0.682628324131
-0.483543377611,-1.69615797614
1.19857432348,-0.0275479210467
-1.88492949938,-1.00133331076
-1.9807551329,0.766766785955
-1.06118666301,-0.364909781434
-2.16821711642,0.652008971745
0.235674061212,-1.19646211211
0.876450155908,0.147578578084
0.828470687901,1.28308572284
-2.41896560943,0.695512536549
-1.74309932487,-2.83500840462
0.254899234064,1.62435223692
-1.19543292251,-2.45010646227
-1.46004158994,-0.984727564329
0.0920378137199,-1.51307430218
-0.84114329825,-2.22245272463
0.89525742771,0.181036991976
-0.184011801271,1.38771619026
0.0905876347905,1.52755769444
0.819794854313,-0.82566768722
-1.97979244183,-2.19843205723
0.423615683899,0.141368665869
-0.930982362344,-1.99763232667
-1.97624957234,-1.51108506544
-2.39597980636,-0.0100828756264
-1.6244471552,-0.98518186285
1.13076396983,-2.28745126457
-1.53189378102,1.63221543995
-1.14525824984,-2.32312303275
-1.96388337418,0.740255418684
-2.21980691087,0.400401441052
-2.36278915415,1.80153712688
0.819331336898,0.225595397115
-0.948480034389,0.85689303518
-0.929651384045,0.788640033355
-0.0258821104755,-1.1328882988
-1.537213091,-2.2867162581
-0.222806513218,-0.47384462105
0.822074408496,1.58965290195
-1.63161505447,-2.06453400679
0.387481279643,1.13046986635
0.490773467025,-2.89970830786
-2.12210253982,-0.341270556976
-0.88348297922,-2.28948393349
0.105809810604,-1.06300739193
-0.549234064365,0.0283466578307
0.450466090608,1.11027810571
1.05398025444,-0.206627082178
-1.72539398677,1.13731446187
1.1269514509,-0.132477687217
-2.2937148402,0.877547665919
-1.96226265576,-0.162715149934
0.641585203796,1.47075313081
-0.0419413260741,-2.78098497733
-0.972844078269,-1.87748199531
-0.773083838364,1.41248951193
-1.53609262752,-1.1197079205
-3.01427979719,0.53960639158
-2.65048448259,1.16533613381
-2.05771544169,0.0326270995028
-1.85501673052,0.0978505126565
-2.55098517214,-0.695977867701
-2.34128708429,0.344816328523
-1.18982279129,-0.804120143571
-2.41239460327,1.5774081268
-1.64040228002,2.29630099416
-2.32172595934,1.67374714933
-1.48711258471,2.22891504514
-2.3260775112,-0.622645120892
-2.34387520529,0.501335712282
-2.08058448899,0.0990677556961
-2.42304849877,0.864591794786
-3.11442119065,-0.181272767627
-1.42977954341,1.93742716019
